Model,MAE,RMSE,MAPE_Percent,Test_Period_Days,Forecast_Days
Prophet,810.2085627949439,1000.2651607288013,168.09298789521233,30,90
ARIMA,763.7887385421215,976.3305318242748,173.30215695823986,30,90
